Name,Epoch,Rest_DeltaT,New Peak 3x3 mJy,New RMS mJy
ZTF17aaazdba,1,49.882583170236174,0.4720176802948118,0.19210433343852523
ZTF17aaazdba,2,1002.9158512719974,1.1035923380404713,0.13107070057854223
ZTF17aaazdba,3,1857.1232876712147,0.6980620673857629,0.1307408059690483
ZTF18aadmssd,1,100.69195661760904,5.052860360592604,0.15151341388784936
ZTF18aadmssd,2,980.1148353534386,5.736780818551779,0.1250673868905761
ZTF18aadmssd,3,1941.9836089707524,5.54108340293169,0.12999392505358098
ZTF18aaemivw,1,171.3318962969903,1.0076073231175542,0.1693669748773026
ZTF18aaemivw,2,1037.6731765673114,0.6393180810846388,0.13524200178411952
ZTF18aaemivw,3,1960.331333128228,0.4944411921314895,0.16802167869335113
ZTF18aaermez,1,88.73987115739233,0.9783715941011903,0.1291739277120893
ZTF18aaermez,2,1022.4147372166,0.737301306799054,0.11935839655373201
ZTF18aaermez,3,1971.7323235448623,0.8868171134963632,0.1317870694318742
ZTF18aaisqmw,1,-1114.7966182196976,0.7719252607785166,0.15126666930608765
ZTF18aaisqmw,2,-123.06108102961488,0.6204560049809514,0.21722470411365963
ZTF18aaisqmw,3,751.8320509168086,0.5964534357190132,0.12070421178073139
ZTF18aaivnak,1,-1885.8310803323848,1.668934361077845,0.1391627335715427
ZTF18aaivnak,2,-920.9187996306302,2.267431002110243,0.15935363465353308
ZTF18aaivnak,3,-137.90864265925447,2.0387396216392517,0.12274565307664664
ZTF18aamzgzi,1,305.2529718048716,0.5862514031460374,0.131546217541714
ZTF18aamzgzi,2,1233.6349346695931,1.2409697519615293,0.13151688068184741
ZTF18aamzgzi,3,2158.087238432241,1.4422263484448195,0.12298039459343417
ZTF18aanlyba,1,-1492.2599418040918,0.7298457785509527,0.1069033004380982
ZTF18aanlyba,2,-456.3724539282432,0.4329996590968221,0.13601251311552087
ZTF18aanlyba,3,409.77691561588887,0.48743758816272015,0.13200473065151228
ZTF18aaupmks,1,317.96153846169966,1.733296434395015,0.12445490820340216
ZTF18aaupmks,2,1244.8846153847765,1.953556202352047,0.13408657009778488
ZTF18aaupmks,3,2140.0769230770843,1.7241144087165594,0.13488067399572307
ZTF18aawitoj,1,-1936.458629737468,1.6774855321273208,0.1333716614031953
ZTF18aawitoj,2,-893.6986686101599,1.5663638478145006,0.1570824507836663
ZTF18aawitoj,3,-16.147648201996518,1.6927326796576379,0.1406623230423921
ZTF18aawmeiw,1,-1778.1814671814636,1.1543010520756185,0.14994585028966817
ZTF18aawmeiw,2,-742.4671814671779,1.3448694953694942,0.1678651335226491
ZTF18aawmeiw,3,129.15444015444373,1.2807217426598072,0.14989146766252862
ZTF18aawpwlf,1,-363.7926991321742,0.45200827298685897,0.11247730116105861
ZTF18aawpwlf,2,578.1286641133507,0.17591811774764207,0.11486470034452849
ZTF18aawpwlf,3,1505.3935746112793,0.2322662039659917,0.13221770906011046
ZTF18aawseij,1,-1442.2991428839346,3.7277827505022287,0.12655589806285622
ZTF18aawseij,2,-607.7884524817493,3.779930528253317,0.1300598954386496
ZTF18aawseij,3,361.4118865970864,3.3166301436722274,0.1302396175528063
ZTF18aaxhcam,1,-2300.205850130214,0.4196485388092697,0.1129854188086907
ZTF18aaxhcam,2,-1288.0188864002466,0.5889213061891497,0.15956724526751165
ZTF18aaxhcam,3,-383.4495021473164,0.6061063031665981,0.11237010847562652
ZTF18aazijke,1,-247.31375000000585,0.44613194768317044,0.13217157173477512
ZTF18aazijke,2,721.1977003816735,0.8305067312903702,0.14388657664115923
ZTF18aazijke,3,1587.6099141221316,0.7195246871560813,0.13388752641909044
ZTF18abfdupq,1,225.3670433657383,0.8968607289716601,0.154846104930978
ZTF18abfdupq,2,1127.9887662121805,0.7627750164829195,0.1397612521417662
ZTF18abfdupq,3,1999.711612654128,0.42932218639180064,0.14574504929560508
ZTF18abjndhh,1,-286.5257703195453,0.5423453985713422,0.1323362003450884
ZTF18abjndhh,2,795.2809258270119,0.6034336984157562,0.15019867843894236
ZTF18abjndhh,3,1647.1049940519013,0.4580054082907737,0.13828239528883457
ZTF18abmogag,1,244.46087036872817,0.3035072455818499,0.13731198304516226
ZTF18abmogag,2,1069.5555760880295,0.430270842832924,0.12153649564591126
ZTF18abmogag,3,1958.4034001663813,0.7244905953012871,0.14586812236998725
ZTF18abncimo,1,263.6624319952056,3.2926604617387056,0.15639914586742598
ZTF18abncimo,2,1157.837519993389,3.1105419620871544,0.10935453403971322
ZTF18abncimo,3,2061.474778234939,3.26751871034503,0.1423551232407399
ZTF18abomklq,1,-294.91937309587826,0.6423727027140558,0.12265902208925751
ZTF18abomklq,2,691.7485770412926,0.4486293764784932,0.1963911285424951
ZTF18abomklq,3,1593.7074738983945,0.6159126060083508,0.15693838469424526
ZTF18abrfchj,1,-332.3541048464654,3.0349041335284714,0.14141039658441987
ZTF18abrfchj,2,660.7220573691628,3.298849100247026,0.19482871579617936
ZTF18abrfchj,3,1555.8753709201026,2.993056317791343,0.16553869166290897
ZTF18abrytwr,1,275.05188679261096,1.5010801143944266,0.15618091052340688
ZTF18abrytwr,2,1074.1084905661958,1.2597823515534399,0.18713752205379336
ZTF18abrytwr,3,1990.1462264152524,1.7842623637989163,0.14884001676714118
ZTF18abtgkdo,1,252.59706463575665,0.35623468968703476,0.12119316622053074
ZTF18abtgkdo,2,1043.765417901626,0.4832542119564129,0.11401642988669082
ZTF18abtgkdo,3,1928.7700177176328,0.6731183953992854,0.13093661806113321
ZTF18abtswjk,1,-268.94791523392064,0.6394016090780498,0.16478099238952904
ZTF18abtswjk,2,712.6763825857499,0.745877914596349,0.17691186930978348
ZTF18abtswjk,3,1561.957540350198,0.6914057885296644,0.1414952969670486
ZTF18acbvgqw,1,177.1114460771938,1.8638679593415204,0.19460511907453015
ZTF18acbvgqw,2,1190.3268683659503,1.9026520484013434,0.14326459594299948
ZTF18acbvgqw,3,2036.986330826418,1.8147202163869953,0.16447439430065178
ZTF18acbvgtu,1,242.06395348842625,0.6594853475689888,0.17881341468510298
ZTF18acbvgtu,2,1180.0484496124573,0.5818473873659968,0.16509520588849602
ZTF18acbvgtu,3,2007.5678294574184,0.9060207521542907,0.17924741195017388
ZTF18acbwopo,1,156.08788801531182,0.5197946447879076,0.11855146148229304
ZTF18acbwopo,2,1047.854770531501,1.802740152925253,0.11772172046345546
ZTF18acbwopo,3,1909.0943635009733,0.27074533863924444,0.13117181309015413
ZTF18acbwtng,1,-374.01864573110896,0.7713460945524275,0.16573064280881344
ZTF18acbwtng,2,616.1678115799805,0.7639321847818791,0.2166804072325193
ZTF18acbwtng,3,1571.0255152109912,0.6437848787754773,0.1874298359392967
ZTF18acbxkop,1,-377.7994157740994,0.6046530907042323,0.12138076547444925
ZTF18acbxkop,2,669.9123661148978,0.9126064251177013,0.18545196499356376
ZTF18acbxkop,3,1580.3310613437195,0.4435124876389477,0.16222987183518828
ZTF18acbzpag,1,179.02243423327872,0.060247064538998536,0.1777629520673294
ZTF18acbzpag,2,1025.7514061958957,0.48999662976712,0.1100902369580202
ZTF18acbzpag,3,1885.564490308045,0.41397596942260867,0.12777510954792304
ZTF18accdvrb,1,-237.43101938845723,0.8581047877669334,0.17177044892431367
ZTF18accdvrb,2,736.4129098258769,0.944106257520616,0.20309401830167867
ZTF18accdvrb,3,1665.991205894105,0.9839078411459921,0.16462550991462446
ZTF18accdxpa,1,-370.17578125005457,2.2806241177022457,0.11505998628533799
ZTF18accdxpa,2,633.7304687499454,2.6565683074295525,0.1500386090196075
ZTF18accdxpa,3,1546.8164062499454,2.3655698169022803,0.14217249738069604
ZTF18acjpret,1,-1742.8779699749928,1.186641864478588,0.24119533873115256
ZTF18acjpret,2,-679.9913314155539,1.8109222874045374,0.3271353865206056
ZTF18acjpret,3,197.7028251706,0.6376194036866076,0.1882356464491769
ZTF18acnbgrb,1,119.48041534515384,0.5810313741676509,0.1650070957642757
ZTF18acnbgrb,2,1066.746985253233,0.5466986913233995,0.13780126535835724
ZTF18acnbgrb,3,1985.9535648371711,0.7042547373888195,0.14870324260966847
ZTF18acpdvos,1,-291.3180266418008,0.18896815890911967,0.13281114898717505
ZTF18acpdvos,2,645.8263605327088,0.5708994576707482,0.15589914481854877
ZTF18acpdvos,3,1485.431229858443,16.297824680805203,0.13705424559997556
ZTF18acqnzso,1,-1761.8744923211418,2.1589831449091434,0.11249857840300306
ZTF18acqnzso,2,-714.4029695676801,1.991543686017394,0.13212358194323323
ZTF18acqnzso,3,88.43814345345818,2.0445387344807386,0.11457322246979457
ZTF18acqugen,1,-370.2209405751721,0.8432869217358531,0.15137349999894187
ZTF18acqugen,2,508.8479466314895,0.6560891051776707,0.11642863641475808
ZTF18acqugen,3,1435.229475776077,0.6801018025726081,0.14144289795258397
ZTF18acskxpn,1,124.954459203082,0.49103633500635624,0.14678914895902104
ZTF18acskxpn,2,1001.6148007590592,0.5301209748722613,0.13864039313310175
ZTF18acskxpn,3,1897.250474383348,0.6043638568371534,0.13761089101622997
ZTF18actxcuh,1,206.13356584992323,2.543595745094977,0.2128727584661583
ZTF18actxcuh,2,1102.4479884490477,2.6875308249145746,0.21181211086092727
ZTF18actxcuh,3,1996.88727627286,2.563042135231367,0.17974250874394504
ZTF18acxijqw,1,88.71515989389822,1.4957153471186755,0.12772772270372915
ZTF18acxijqw,2,1006.3077524864908,1.529284054413438,0.11743324995740582
ZTF18acxijqw,3,1894.2707154494533,1.4612157829105854,0.12851072108386052
ZTF19aainjqn,1,-419.067375361468,0.6209884252497377,0.17913980587817965
ZTF19aainjqn,2,504.8298616719785,1.2515522271575648,0.22472063444431314
ZTF19aainjqn,3,1448.1163376777952,1.2050167914518763,0.15166006291250944
ZTF19aakisqk,1,-415.4317548745826,0.9598659235052766,0.13811632650716305
ZTF19aakisqk,2,487.0752089137182,0.2653628327895031,0.15819699322137998
ZTF19aakisqk,3,1359.8700092851202,0.38966849162666356,0.1478376230350788
ZTF19aakkths,1,124.19795462179448,0.9765216964296995,0.12921848803480124
ZTF19aakkths,2,960.8237942108896,0.25967572582885623,0.1454671275529707
ZTF19aakkths,3,1919.9308665143271,0.07111080776667221,0.1266485989954491
ZTF19aakpfax,1,-469.0557553339999,0.19365200840160962,0.13198977056606556
ZTF19aakpfax,2,501.4044724648703,0.3013245295733214,0.14356706632143512
ZTF19aakpfax,3,1337.5930084404235,1.023286604322493,0.12809667259435567
ZTF19aakswrb,1,32.531679457500005,-0.049650701839709654,0.1511435435362704
ZTF19aakswrb,2,920.4488666786316,0.21202056086622176,0.17561032167826945
ZTF19aakswrb,3,1740.545243619556,0.7572568720206617,0.13446837475510387
ZTF19aakykjl,1,93.7864077670807,0.6248908466659486,0.14926181819118906
ZTF19aakykjl,2,924.8543689321292,0.5069974577054381,0.13967263696339588
ZTF19aakykjl,3,1902.5242718447505,0.4355532901421568,0.1325505326209733
ZTF19aambfxc,1,-792.879052132686,0.4165506688877941,0.1061285927206812
ZTF19aambfxc,2,181.5285308057028,0.8490781765431166,0.1469243002276842
ZTF19aambfxc,3,1067.784454976319,0.25982563965953887,0.12772578461326717
ZTF19aamkmxv,1,-538.8262701804954,0.5977365071885288,0.1432062833927015
ZTF19aamkmxv,2,525.2762939220687,0.6895785918459295,0.15800202712937048
ZTF19aamkmxv,3,1411.8640651252244,0.6771356565877795,0.11214328511431142
ZTF19aanbpus,1,-1132.2131074496444,1.1665482306852937,0.14439900667724181
ZTF19aanbpus,2,-72.76520852295417,1.4737199526280165,0.15036203706779055
ZTF19aanbpus,3,837.1718186860443,1.6566759441047905,0.13228566404882197
ZTF19aanxnkd,1,-446.5390446687608,0.4119944060221315,0.1240126944461277
ZTF19aanxnkd,2,462.3866052130788,0.5607589264400303,0.14422598691696317
ZTF19aanxnkd,3,1297.6892774544897,0.558632949832827,0.13020122088397296
ZTF19aaputrv,1,-22.491539549592723,0.6297359359450638,0.1276883426781744
ZTF19aaputrv,2,879.932638461789,0.48023136332631117,0.13528644623129032
ZTF19aaputrv,3,1833.5650407072208,0.37158443592488766,0.1271937581934418
ZTF19aarmtgu,1,-1037.0618660116832,0.5516769597306848,0.12907160406271273
ZTF19aarmtgu,2,-11.002452468466736,0.4537768545560538,0.1699356308789406
ZTF19aarmtgu,3,810.6129432218918,0.8405036642216145,0.15096326090954346
ZTF19aaupkrl,1,-587.7120235143087,0.7549365292565252,0.15648926326615845
ZTF19aaupkrl,2,447.3428642984748,1.0321388253942132,0.1678179179848362
ZTF19aaupkrl,3,1318.4095592611434,0.7010296796896521,0.18128877228801432
ZTF19aavlfvn,1,-16.75083970298873,0.21145415666978806,0.18777363165473226
ZTF19aavlfvn,2,839.5301761576709,0.15035385149531064,0.15067059942457503
ZTF19aavlfvn,3,1809.657645263441,0.6405230960808694,0.13128027864707786
ZTF19aaxqsbn,1,-550.8576312239829,0.8707996099912286,0.15106098404707433
ZTF19aaxqsbn,2,434.9512618696784,0.604286789894104,0.1668329909250292
ZTF19aaxqsbn,3,1312.9077424751656,0.3677172969782105,0.1437860267449782
ZTF19abdmfgf,1,-106.04363329191465,1.2506950879469514,0.15718055823653576
ZTF19abdmfgf,2,829.8895143403973,1.404812326654792,0.15093410012012193
ZTF19abdmfgf,3,1712.8978708863583,0.4068193310284514,0.16224835505902135
ZTF19abegzry,1,-8.158771694606342,1.3673265930265188,0.1774275071912275
ZTF19abegzry,2,919.3774601894517,1.1443316470831635,0.1592384476264195
ZTF19abegzry,3,1838.2180398995968,1.0528179118409755,0.17011394032827798
ZTF19abglmpf,1,-635.2747313836617,2.102525904774666,0.1499336764519411
ZTF19abglmpf,2,401.2286307681155,2.555109793320298,0.14345054879087135
ZTF19abglmpf,3,1257.1364117479427,3.1720693223178387,0.13700787326859978
ZTF19abgpgyp,1,-545.975780979704,0.4105563857592643,0.10685640125534046
ZTF19abgpgyp,2,392.34197602964167,0.43466722127050167,0.13744821380972
ZTF19abgpgyp,3,1202.6223498614174,0.6725951097905636,0.15714720849039943
ZTF19abgppki,1,-568.1299797845328,0.6673474563285708,0.12763502076491298
ZTF19abgppki,2,400.1284736392215,0.7021274068392813,0.15953245305064068
ZTF19abgppki,3,1203.556937423718,0.7280836580321193,0.1534017115188202
ZTF19abixauz,1,-614.1651376146276,0.7028225227259098,0.10117757127889752
ZTF19abixauz,2,342.7155963303265,1.0488481493666768,0.1687082713210088
ZTF19abixauz,3,1209.6880733945466,1.0303920134902,0.14207498908255975
ZTF19abkjbur,1,-1888.25543560608,0.5579260177910328,0.15849330642639411
ZTF19abkjbur,2,-947.9145265151712,0.5763541557826102,0.1818087186148786
ZTF19abkjbur,3,-100.37664772729234,0.5778317572548985,0.13327810018804442
ZTF19ablfcjr,1,-547.902315285192,0.5456094513647258,0.1282762887697986
ZTF19ablfcjr,2,351.3682968466518,0.3019213036168367,0.16543202634131549
ZTF19ablfcjr,3,1173.0837432504927,0.3699792141560465,0.15942385879419546
ZTF19abpgggu,1,-140.5819075079281,0.691386521793902,0.14578175653462921
ZTF19abpgggu,2,812.6160717123561,0.707091938238591,0.12844619993184123
ZTF19abpgggu,3,1721.0137459092869,0.7066939724609257,0.1369439300728118
ZTF19abpidqn,1,-666.5802529674434,0.13778710854239762,0.13426642338194364
ZTF19abpidqn,2,357.4888199494286,0.6965126376599073,0.17780436984749595
ZTF19abpidqn,3,1252.4404255399193,8.016731590032578,0.1308068101698843
ZTF19abqrrto,1,-61.00365028474838,0.5243677878752351,0.15408177261263928
ZTF19abqrrto,2,753.4194266383286,0.6420495337806641,0.16256904725595694
ZTF19abqrrto,3,1687.0732727921747,1.3751466758549213,0.15233006250239967
ZTF19abucwzt,1,-126.39841913995532,0.07908773113740607,0.12943514281033736
ZTF19abucwzt,2,814.0836270971328,3.189150709658861,0.13342019849149744
ZTF19abucwzt,3,1747.6792985186771,5.0062742084264755,0.18600251886564156
ZTF19abxnycf,1,-58.49804935443619,0.26295959833078086,0.16444576324794513
ZTF19abxnycf,2,826.2754205492217,0.42569596553221345,0.15231975158110456
ZTF19abxnycf,3,1736.328132450127,0.6176744936965406,0.14051410606098835
ZTF19abxqppy,1,-147.1334237044187,0.2873530611395836,0.1547377625389055
ZTF19abxqppy,2,788.6440407232188,0.3588939143810421,0.14526888236287497
ZTF19abxqppy,3,1723.4354382758008,0.9377962560392916,0.15321378967112118
ZTF19abyikbv,1,-112.53642056636852,1.4763115905225275,0.1442508321277887
ZTF19abyikbv,2,761.611801146726,0.644725859996716,0.12177369622731689
ZTF19abyikbv,3,1689.841183933184,0.9529897823693982,0.15061463750139523
ZTF19abzrhgq,1,-608.3142579458937,0.17793872393667698,0.11620644681126416
ZTF19abzrhgq,2,390.6021049740158,1.031590742059052,0.22883737352803307
ZTF19abzrhgq,3,1262.4373921378422,0.7601295947097242,0.1556330226674102
ZTF19abzzhsa,1,-130.1293160956922,1.0672735515981913,0.1267527111874797
ZTF19abzzhsa,2,758.4393678620409,1.225737854838371,0.12772291431240326
ZTF19abzzhsa,3,1621.0714523961426,0.7562657119706274,0.12670505453739056
ZTF19acbunmk,1,-637.5679920557959,0.8708966712961193,0.13323197353067384
ZTF19acbunmk,2,310.87558771074106,0.25670537939909716,0.18277170505822243
ZTF19acbunmk,3,1208.7355098897294,0.2737476557201023,0.15726569352829892
ZTF19aceidtc,1,-649.5185456451509,1.0179565288126469,0.128340967549152
ZTF19aceidtc,2,301.6533293548491,1.2251018779352307,0.17840493135810817
ZTF19aceidtc,3,1170.7939543548491,3.150799777358771,0.14642887477965566
ZTF19acfecsg,1,-676.808129975607,2.1825216244906187,0.1402232080001908
ZTF19acfecsg,2,278.3320569402808,2.2259261459112167,0.20373058036303104
ZTF19acfecsg,3,1155.9021503982246,2.0969405304640536,0.1436644505483869
ZTF19acgmkrt,1,-696.1286214395371,0.2032456686720252,0.1277524024301095
ZTF19acgmkrt,2,266.12847870993966,0.5656664143316448,0.15781380916740118
ZTF19acgmkrt,3,1122.81756690127,0.58936228742823,0.138864440138862
ZTF19acjnaxa,1,-665.1872590414863,0.5325861275196075,0.11874859410493473
ZTF19acjnaxa,2,317.9227097486735,0.18875951354857531,0.13007644808918417
ZTF19acjnaxa,3,1085.3176060218514,0.19999498908873645,0.14107728454844887
ZTF19acrwyyb,1,-746.664543286012,0.5204898188821971,0.12932323217805486
ZTF19acrwyyb,2,215.31264302577512,0.1343526237178594,0.1223675772816259
ZTF19acrwyyb,3,1100.293631618931,0.17748116806615144,0.11131102768863892
ZTF19acxxwvi,1,-198.20278229174824,0.27278924244455993,0.14342847569120967
ZTF19acxxwvi,2,708.6136689606868,0.4502635856624692,0.12258051237800795
ZTF19acxxwvi,3,1614.441225500742,3.1499904580414295,0.12768171795252842
ZTF19adaxzax,1,-731.1564522655228,0.12583583884406835,0.15168317314651394
ZTF19adaxzax,2,196.0280137538946,1.3628891902044413,0.20109539534187887
ZTF19adaxzax,3,1149.426072006322,0.1708733179839328,0.16965650238785945
ZTF19adbsblp,1,-740.2738737800345,0.3461019368842244,0.165385837152215
ZTF19adbsblp,2,240.8908388857353,0.5458150408230722,0.17184422811057357
ZTF19adbsblp,3,1079.8299124971134,0.6621702341362835,0.14755750051951044
ZTF19adcetym,1,-240.79253722120035,3.1310301274061203,0.22245928389725247
ZTF19adcetym,2,651.0587583101553,3.0757214408367872,0.14707556951959008
ZTF19adcetym,3,1543.8488446789124,3.08857043273747,0.1542558639523753
ZTF19adcfsad,1,-249.20428381812303,0.2516841341275721,0.1381751885223697
ZTF19adcfsad,2,626.4661208625205,0.2504799922462553,0.1485192187517437
ZTF19adcfsad,3,1585.0229224227348,0.8939517429098486,0.13375063908841897
ZTF20aabcemq,1,-178.07300114897112,0.2553536323830486,0.15222087335346757
ZTF20aabcemq,2,705.1386776831456,0.6315119098871947,0.14986587489547837
ZTF20aabcemq,3,1484.3357579751164,0.647964479867369,0.1631962275876356
ZTF20aadfyjl,1,-701.7257948485058,1.0177857475355268,0.16147759068629575
ZTF20aadfyjl,2,232.49727474158016,1.3886832166463137,0.16987403378620264
ZTF20aadfyjl,3,1064.718437753973,0.9497523424215614,0.15773269987978233
ZTF20aaieyup,1,-705.9273780446621,0.32121397089213133,0.15549608082984642
ZTF20aaieyup,2,279.00717369650846,1.9455797737464309,0.20519517481035285
ZTF20aaieyup,3,1211.5831183742066,0.5902048433199525,0.19176593451514107
ZTF20aamqslk,1,-261.6334679095549,1.1182449525222182,0.15547864086887403
ZTF20aamqslk,2,610.0528354777794,1.1298377066850664,0.11980117596620836
ZTF20aamqslk,3,1503.8304496162182,1.0448574321344497,0.13332104495346997
ZTF20aaqtebg,1,-805.8892225977959,1.0022285860031843,0.13435489966583752
ZTF20aaqtebg,2,188.7993336552219,1.2294159969314933,0.13290921042696438
ZTF20aaqtebg,3,1046.35606953161,0.5028886613989564,0.12938598972104834
ZTF20aarasxl,1,-302.45382592643494,0.37433582474477584,0.16777631788278244
ZTF20aarasxl,2,605.5708050969255,0.47828280366957193,0.1469478144959035
ZTF20aarasxl,3,1570.285886711626,0.8762950310483574,0.1567890059706762
ZTF20aauqtcp,1,-901.7337595499682,0.6984929786995053,0.19663573280082117
ZTF20aauqtcp,2,101.94346409740834,0.9155318839475514,0.22385389548765516
ZTF20aauqtcp,3,1059.7773160135637,0.9134802385233342,0.24410182324356242
ZTF20aauyhea,1,-356.2245480494696,0.6924248882569372,0.1952793069422979
ZTF20aauyhea,2,556.2397716460586,0.5580690340138972,0.2145251936073478
ZTF20aauyhea,3,1452.5290199809776,0.8994139498099684,0.19721780919708862
ZTF20aavnnqo,1,-339.92267343494666,0.7279122946783901,0.17014636747243428
ZTF20aavnnqo,2,514.60506978236,1.0633853962644935,0.1741707991636597
ZTF20aavnnqo,3,1507.0532049636338,0.9378428803756832,0.16150126879033289
ZTF20aayubpi,1,-358.2864129450172,1.2353952042758463,0.118613912012615
ZTF20aayubpi,2,517.2037831334142,1.018548384308815,0.13163806597467995
ZTF20aayubpi,3,1456.419469407924,1.1506177252158523,0.12077029041495774
ZTF20aazpwen,1,-892.8661075070245,0.8931915508583188,0.1337765608131919
ZTF20aazpwen,2,56.16076923069563,0.8377361227758229,0.18258247675574563
ZTF20aazpwen,3,904.1681835031702,1.470555434934795,0.21621420269524294
ZTF20aazycgy,1,-879.2535211269451,0.4041834035888314,0.10783466516620022
ZTF20aazycgy,2,108.6046624573191,0.3639119386207313,0.16507212657232762
ZTF20aazycgy,3,972.1306459444488,0.6009206990711391,0.11806314806528415
ZTF20abbpkng,1,-864.9647869675142,0.6631597643718123,0.1131169593792119
ZTF20abbpkng,2,102.83933873134818,0.645478896331042,0.1610389756442979
ZTF20abbpkng,3,938.5825428956048,0.8505549631081523,0.19184415606360905
ZTF20abciflj,1,-913.6875876511674,0.5061946576461196,0.11510834646108292
ZTF20abciflj,2,91.0575759321034,0.4538535722531378,0.1440330284707693
ZTF20abciflj,3,952.6793844733978,0.39887265302240843,0.12169416087365852
ZTF20abegirf,1,-450.32248803811,0.3075770800933242,0.17166040016006434
ZTF20abegirf,2,486.519617225048,0.5068926839157939,0.11413831264221812
ZTF20abegirf,3,1401.3521531102156,0.21023128647357225,0.12562227540124923
ZTF20abevbxv,1,-989.964308019918,0.3285786369815469,0.1332147134445426
ZTF20abevbxv,2,114.17272433826004,0.7754894322715701,0.16453190796191738
ZTF20abevbxv,3,972.6143990455644,0.48059952678158874,0.16604566931676606
ZTF20abfcrzj,1,-829.3121062553255,0.2885083376895636,0.15140052099922446
ZTF20abfcrzj,2,128.65465816305195,0.6861593574285506,0.16420154638878318
ZTF20abfcrzj,3,1064.138529130794,0.28634365298785264,0.1426839387678491
ZTF20abgtvhl,1,-976.09464717836,1.2475898256525397,0.14621370531565545
ZTF20abgtvhl,2,57.507239243333714,1.4160345308482647,0.16468354283756037
ZTF20abgtvhl,3,949.6274986263164,1.376292435452342,0.16463350312235575
ZTF20abidglx,1,-1763.0832015809128,1.282129087485373,0.13393701198979388
ZTF20abidglx,2,-850.0397233200432,0.4620332684015894,0.12663752035425188
ZTF20abidglx,3,82.76660079062869,1.215968397445977,0.132531981962216
ZTF20abisysx,1,-357.22560692334554,0.4770126543007791,0.13496072350317093
ZTF20abisysx,2,448.1249465821895,0.6712769973091781,0.15973761227720482
ZTF20abisysx,3,1334.6563118958425,0.6179426563903689,0.15159664352218966
ZTF20abjkxwa,1,-429.2972296016004,0.498471490573138,0.11776881520835786
ZTF20abjkxwa,2,449.2606451612079,0.15571137191727755,0.11019513321615294
ZTF20abjkxwa,3,1330.664819734263,0.15527450887020677,0.13622649524289182
ZTF20aborzxc,1,-1030.8016862743077,0.44630005140788853,0.12010051597205425
ZTF20aborzxc,2,-22.9585490194058,0.4232384962961077,0.14261073154929027
ZTF20aborzxc,3,872.1394901962805,0.5208685179241002,0.12783362155476918
ZTF20abpuxna,1,-467.5305165226975,0.7108577410690486,0.21726032271664805
ZTF20abpuxna,2,450.2814044161536,0.5958339897915721,0.13842915178935175
ZTF20abpuxna,3,1401.8718923716815,0.8510082843713463,0.15216364004970467
ZTF20abqmtsh,1,-1036.2368658699534,1.7985353479161859,0.13422651170327696
ZTF20abqmtsh,2,3.692114589917775,2.030187752097845,0.16727883304301697
ZTF20abqmtsh,3,908.020599473877,1.9577709026634693,0.16550620434910424
ZTF20abvdtgl,1,-689.8884882795668,0.4596126673277467,0.1297807325124389
ZTF20abvdtgl,2,219.45217106109249,0.7460725028067826,0.14875483367821807
ZTF20abvdtgl,3,1115.972317581239,0.5534306401386856,0.15932254889613146
ZTF20abvycvf,1,-1027.2935375947563,3.229417139664293,0.22731941886483129
ZTF20abvycvf,2,-20.6609144803582,3.8937488570809364,0.2551899090186203
ZTF20abvycvf,3,877.3845160531865,4.219713620841503,0.2868068043774186
ZTF20abyxcib,1,-943.1695381782304,23.907745257019997,0.17498291124075593
ZTF20abyxcib,2,39.36639581401427,23.779939860105518,0.20864957861112857
ZTF20abyxcib,3,905.2808539614822,23.751037195324898,0.19916892811886316
ZTF20acaazkt,1,-477.482394636002,0.2283797657582909,0.14613580410381447
ZTF20acaazkt,2,353.9352298850707,1.5409436309710147,0.11586847485833057
ZTF20acaazkt,3,1292.6325478927336,0.8062316337600351,0.14335636470591387
ZTF20acgremo,1,-512.7885714284189,0.7846480584703386,0.12687690506740917
ZTF20acgremo,2,416.7352380953906,0.7673056097701192,0.12974140360372027
ZTF20acgremo,3,1248.163809523962,0.8313057478517295,0.13422260027670457
ZTF20achpcvt,1,-1069.9544794190017,0.1399510802002624,0.11168193555060067
ZTF20achpcvt,2,-33.634866828202625,0.23371796123683453,0.12999531188548624
ZTF20achpcvt,3,814.7912832928628,0.46670247684232896,0.11511646172514799
ZTF20acmcqwc,1,-944.191008185148,3.2390046399086714,0.1869997959995031
ZTF20acmcqwc,2,16.86256255072206,3.1808810308575626,0.17244121893971126
ZTF20acmcqwc,3,,3.0738383065909143,0.16851279707728306
ZTF20acnvniw,1,-1014.6031124597356,0.16731012146919966,0.1471330810687533
ZTF20acnvniw,2,-104.35548595489064,0.13711233623325825,0.13811736698584062
ZTF20acnvniw,3,794.1470098853755,2.9233891982585187,0.18064217604124924
ZTF20acordqz,1,-1084.6917430866658,0.5065969345730699,0.1760150400582956
ZTF20acordqz,2,-83.73205018839343,0.7744440226815642,0.22343336081799003
ZTF20acordqz,3,818.3792741878061,0.9092600084841251,0.1798831760441186
ZTF20acotwur,1,-959.5083884810584,0.5702674970962107,0.13260579904986505
ZTF20acotwur,2,-43.31791229058234,0.3798369434662163,0.1575586665739644
ZTF20acotwur,3,821.4439924713224,0.15822412387933585,0.1185368873552957
ZTF20acusecr,1,-1075.2703170087725,0.2578127896413207,0.11158261105318511
ZTF20acusecr,2,-100.37508186986204,0.03759211904252879,0.13311633849990345
ZTF20acusecr,3,772.6654272097593,0.5009020096622407,0.11806677052582222
ZTF20acwflza,1,-1307.750724637566,2.4443739093840122,0.25883483664198487
ZTF20acwflza,2,-329.97294685978824,2.4135771673172717,0.23538606705781084
ZTF20acwflza,3,542.4908212561538,2.2021427284926176,0.27393026333703135
ZTF20acxdawc,1,-538.7299909215512,1.6207593725994232,0.1395631894010925
ZTF20acxdawc,2,322.73342371259525,1.5466047916561367,0.12008779505590297
ZTF20acxdawc,3,1270.050496883327,1.3543923851102593,0.1347253331260325
ZTF20acytgxf,1,-606.9585100019536,0.17949283937923613,0.1577118227604393
ZTF20acytgxf,2,299.10802620156886,1.4786231331527233,0.14592065373832577
ZTF20acytgxf,3,1208.109983148731,0.6972163682803512,0.13520088499204885
ZTF20acywbes,1,-1071.1305654165726,1.3587040593847632,0.11626370624294649
ZTF20acywbes,2,-114.25686317653124,1.4567490434274077,0.1600471931628066
ZTF20acywbes,3,765.1100691820668,1.5372262569144366,0.13070522441210422
ZTF20acyxrez,1,-989.7069725183844,0.735712528694421,0.15341707119001124
ZTF20acyxrez,2,-92.02445900734637,0.17112132627516985,0.16007469689334325
ZTF20acyxrez,3,705.8137749397088,0.15428541519213468,0.12853657864816537
ZTF21aaaosmn,1,-1088.645091465708,0.37975650047883397,0.11594771602144444
ZTF21aaaosmn,2,-119.97039267052727,0.6560295587405562,0.1491172285113171
ZTF21aaaosmn,3,739.788643474051,0.3978603635914624,0.12109921920300874
ZTF21aagtpro,1,-570.7817307691305,-0.03429770367802121,0.1417806448036867
ZTF21aagtpro,2,229.2182692308695,5.570335779339074,0.1658095800226543
ZTF21aagtpro,3,1186.9105769231771,9.03615914285183,0.1481822853376384
ZTF21aahsqng,1,-655.7748344371778,0.41977324872277677,0.14521089255581507
ZTF21aahsqng,2,290.2989593187352,0.6166455568745732,0.12848915755000423
ZTF21aahsqng,3,1191.9072847681205,0.6452208617702127,0.1329956610506392
ZTF21aajgdeu,1,-1165.938010740059,1.0316392872482538,0.17707945500405908
ZTF21aajgdeu,2,-136.67503307642792,1.31085398606956,0.18612507007401058
ZTF21aajgdeu,3,728.1782628999127,1.401295652613044,0.18214757393562536
ZTF21aamqgid,1,-1249.1873141726142,0.186723395017907,0.13225349874374892
ZTF21aamqgid,2,-185.75817641245555,0.12932010577060285,0.16084885176098923
ZTF21aamqgid,3,709.1873141722818,0.5760331405326724,0.13992030878037645
ZTF21aappehx,1,-589.1181686282209,5.0294664688408375,0.19978062137090666
ZTF21aappehx,2,307.03265023551666,5.366218276321888,0.17020621304833708
ZTF21aappehx,3,1228.7877782096468,7.032224908471107,0.20875920406369064
ZTF21aapzzgf,1,-1068.1538700519466,1.9310925854369996,0.15975599784871566
ZTF21aapzzgf,2,-149.87335499195922,3.147632349282503,0.1939683080590418
ZTF21aapzzgf,3,690.7928191821026,2.9642849694937463,0.16386368933859838
ZTF21aaqvsvw,1,-699.5772617472071,0.12893140956293792,0.1331077582592843
ZTF21aaqvsvw,2,240.382217719792,0.5362443594785926,0.11992987873656646
ZTF21aaqvsvw,3,1133.587236031956,0.2632909163367003,0.13800390378543845
ZTF21aarasky,1,-1234.3919529389077,1.0744089959189294,0.13219156996780568
ZTF21aarasky,2,-195.91648582070133,0.8984953165054321,0.19929744414356274
ZTF21aarasky,3,675.1892311776054,1.2837080284953117,0.14040974338229817
ZTF21aarejnt,1,-711.8454288408639,0.7409738609567285,0.1838926692123412
ZTF21aarejnt,2,216.524033930107,0.5488069728016853,0.1575919426679
ZTF21aarejnt,3,1159.9736098019262,0.5991852958686651,0.16618879721685523
ZTF21aawiwqh,1,-1214.7759442179974,0.5145898903720081,0.11945979961518047
ZTF21aawiwqh,2,-202.54640517754592,0.7585715499402716,0.1810779930474701
ZTF21aawiwqh,3,614.0105092156808,0.3624313685577362,0.12565285394279188
ZTF21aaxtsqe,1,-1223.0735343622832,0.5004348349757493,0.12528893019357193
ZTF21aaxtsqe,2,-190.30199878175884,0.3872393281199038,0.13939920516427617
ZTF21aaxtsqe,3,591.5332072107504,0.57337706675753,0.12250999506853376
ZTF21aaxxjen,1,-676.5648000016164,0.47455666936002655,0.12635574478874567
ZTF21aaxxjen,2,182.14076061825605,0.5848978180438277,0.124393666252205
ZTF21aaxxjen,3,998.9137779382196,0.478987902170047,0.13979019991785194
ZTF21aaxyecd,1,-704.142230313089,0.6353289354592562,0.14791045405492192
ZTF21aaxyecd,2,185.383230468638,0.6282597896642983,0.12630219622091982
ZTF21aaxyecd,3,1072.0818094894062,0.8314152364619076,0.12167608723422904
ZTF21aazazvw,1,-1285.1709737787116,0.5372679929870242,0.15363812667046056
ZTF21aazazvw,2,-234.3727154332836,1.3289062771946192,0.15970850201813103
ZTF21aazazvw,3,663.5469749392369,0.7363265449404732,0.12927120744992057
ZTF21abasfmq,1,-1248.9734940664844,0.841813045553863,0.11688360472105856
ZTF21abasfmq,2,-286.8297174642425,0.5510915070772171,0.14671246619925754
ZTF21abasfmq,3,579.4755188905104,0.8372660377062857,0.11808157180084729
ZTF21abdcauj,1,-1225.4694747582455,0.6438828422687948,0.13352356532408854
ZTF21abdcauj,2,-292.6778407332134,0.5023494595661759,0.17585015893258177
ZTF21abdcauj,3,540.8224963106387,0.561075983569026,0.17785062208069188
ZTF21abidtrd,1,-732.143702290291,1.5231427969411018,0.1670726266738864
ZTF21abidtrd,2,129.49751908375475,1.6511722933501007,0.15668938229815246
ZTF21abidtrd,3,1079.8791984730676,1.360661117359996,0.19063531398137992
ZTF21abjwtrk,1,-1366.658240922741,0.12452195872682435,0.11149385771897238
ZTF21abjwtrk,2,-332.7182507604192,0.7127925829961911,0.17790495889171312
ZTF21abjwtrk,3,565.4617787526157,0.7995750545876956,0.18659395408344645
ZTF21ablwehd,1,-805.8957718779776,0.13632331683766097,0.12077481788008795
ZTF21ablwehd,2,102.65880039340892,0.20450452575460074,0.1658301488267961
ZTF21ablwehd,3,1030.879056047293,1.2134626740589738,0.17282459028410443
ZTF21abqfttg,1,-763.8298070049523,4.437783267349005,0.13614800808142333
ZTF21abqfttg,2,54.86178178009446,4.4712680391967305,0.13331585260266388
ZTF21abqfttg,3,991.3103799109356,4.636968486011028,0.12751739128362052
ZTF21abqgbau,1,-726.0986594163489,4.52756230678076,0.23460569120295954
ZTF21abqgbau,2,179.0038680037751,4.226057944079111,0.20588233980928594
ZTF21abqgbau,3,1105.0887511702033,3.5296635641966194,0.21454373345852848
ZTF21abviabc,1,-1283.707037954816,0.7732017547823488,0.13419248727029437
ZTF21abviabc,2,-298.3824883753349,0.8401692030020059,0.14282212555168283
ZTF21abviabc,3,546.4526263893453,4.5372419990599155,0.1572288383600863
ZTF21abvxguf,1,-782.9756880119324,0.6810642662458121,0.16324877168349264
ZTF21abvxguf,2,145.46297369810463,0.5087151657789946,0.17281590780558787
ZTF21abvxguf,3,998.6228249992198,0.4117348289582878,0.14954072902264282
ZTF21abxhspf,1,-1952.730604880674,1.248821965418756,0.3673119235611894
ZTF21abxhspf,2,-980.36330832764,1.7223437316715717,0.23523047135163994
ZTF21abxhspf,3,-111.49995252097388,1.3122493401169777,0.2323853399135405
ZTF21abyqrli,1,-1337.3000049592151,0.016170128219528124,0.2082189613465968
ZTF21abyqrli,2,-411.3830751559602,0.026634656023816206,0.1826239649560133
ZTF21abyqrli,3,542.7097108532698,0.7593226619064807,0.16724346674840543
ZTF21abzciqh,1,-835.918170446703,0.24766367278061807,0.13068647895131746
ZTF21abzciqh,2,85.08554702541586,0.28377058333717287,0.11124005400031525
ZTF21abzciqh,3,976.3494875458618,4.220837261527776,0.12359560055905125
ZTF21acdalyp,1,-1390.2335133006638,1.0000416077673435,0.14937451725006065
ZTF21acdalyp,2,-391.6119195545799,1.3069037813693285,0.21083783279309845
ZTF21acdalyp,3,480.7360942873179,0.9061521268449724,0.15657134778079995
ZTF21acdenty,1,-863.7812499999364,0.46985372318886226,0.1561695547447532
ZTF21acdenty,2,10.271780303093802,0.46557266614399856,0.13416917214960067
ZTF21acdenty,3,931.6732954546088,0.5173541721887887,0.12208677872689523
ZTF21acjnzdh,1,-1324.6114493173347,1.7715997528284788,0.13840094063507974
ZTF21acjnzdh,2,-377.5794858470151,1.9061036873608828,0.15699096241058152
ZTF21acjnzdh,3,430.6396922351767,1.9714231602847576,0.18449722202711594
ZTF21acpocmd,1,-896.5883454673273,0.5283397622406483,0.13083413891460746
ZTF21acpocmd,2,20.675423094057404,0.5748567054979503,0.12451834764419878
ZTF21acpocmd,3,953.306961599926,0.5961318966001272,0.14148121266962346
ZTF22aaaeewn,1,-967.7742537312598,0.4869114016583658,0.1644770277152688
ZTF22aaaeewn,2,-39.60261194021511,0.5504100117832422,0.15347579486999693
ZTF22aaaeewn,3,817.67350746277,0.8043331908993423,0.12816026609202585
ZTF22aaafdwm,1,-1482.0582524272024,0.15704466204624623,0.1266256307864982
ZTF22aaafdwm,2,-479.14563106797925,0.6083771586418152,0.14553139970497642
ZTF22aaafdwm,3,348.0388349514382,0.08966572204371914,0.12411738312595856
ZTF22aaagqyx,1,-1412.0549242423183,0.8136889082379639,0.14037162634919517
ZTF22aaagqyx,2,-452.77462121201535,0.7586919236928225,0.17153291781957378
ZTF22aaagqyx,3,383.39962121222703,0.5978503031656146,0.15470898426610513
ZTF22aaagrce,1,-1413.3545893721357,0.06273629696806894,0.11872435604863123
ZTF22aaagrce,2,-504.1758454107828,0.44104299740865827,0.18831961274945572
ZTF22aaagrce,3,376.9835748790723,0.9539409657008947,0.13635778575177798
ZTF22aaagxev,1,-1005.932445290076,0.7357764407061042,0.13866537697246958
ZTF22aaagxev,2,-55.40913415782076,0.7975157350301741,0.1133367684737011
ZTF22aaagxev,3,857.0551855377074,0.5859769298695027,0.12452232415003699
ZTF22aaaiykj,1,-1477.139805825156,0.1430314005119726,0.12106826110246684
ZTF22aaaiykj,2,-519.8582524270977,0.5859124939888716,0.14622322425550158
ZTF22aaaiykj,3,352.95728155348485,0.26071871980093414,0.2827331010794903
ZTF22aabdvnv,1,-1018.8654223969296,0.17614069023633414,0.1344951548381823
ZTF22aabdvnv,2,-88.61001964643862,0.7562442915514113,0.13376790095679666
ZTF22aabdvnv,3,818.0697445971763,0.7960061775520444,0.15337615987319064
ZTF22aabnvrz,1,-981.5110198298612,0.4685302556026727,0.1364803245161224
ZTF22aabnvrz,2,-78.77258734638619,0.5389023572206497,0.11277064907059067
ZTF22aabnvrz,3,787.1386496696667,0.3973112325184047,0.13121105135573086
ZTF22aacmgor,1,-1428.1646110059116,0.856192025821656,0.18365791497243897
ZTF22aacmgor,2,-560.0431688806746,0.9308632579632103,0.19218999544044427
ZTF22aacmgor,3,318.5147058821338,0.9945790516212583,0.14141630950184214
ZTF22aadpgmo,1,-1532.867346938651,0.5184715264476836,0.12897283836510778
ZTF22aadpgmo,2,-564.4072356213969,0.33781636739149684,0.20829894401448576
ZTF22aadpgmo,3,289.9526901671003,0.1516726770205423,0.12350419433721475
ZTF22aadqlhy,1,-1015.3081510933469,0.447795813670382,0.1584331021257224
ZTF22aadqlhy,2,-140.55666003966886,0.3692243190016598,0.12698605504635951
ZTF22aadqlhy,3,788.8667992048639,0.7396475411951542,0.16350165370837527
ZTF22aaedtvn,1,-1519.1125046381474,1.4559915289282797,0.15792983986454304
ZTF22aaedtvn,2,-520.9677922077207,1.5210196143016217,0.17030291939126216
ZTF22aaedtvn,3,275.87821892400467,1.683636801317334,0.1368185216111036
ZTF22aaemvhi,1,-980.0700879763205,0.5111860809847713,0.1799017242640911
ZTF22aaemvhi,2,-56.316422287170816,0.7426873198710382,0.1869588039889468
ZTF22aaemvhi,3,831.2691104596523,1.332088839262724,0.20544734791831568
ZTF22aagyuao,1,-1490.42862312968,0.13436768495012075,0.1767961412502137
ZTF22aagyuao,2,-497.5714802725373,0.026625724785844795,0.14042223025838638
ZTF22aagyuao,3,261.357091156034,0.5475598154589533,0.13273855565780351
ZTF22aahieds,1,-1078.337066506455,0.6336871301755309,0.1550271319883858
ZTF22aahieds,2,-165.8727468109267,0.5913829663768411,0.1670669352783851
ZTF22aahieds,3,756.1063207437832,0.5878267693333328,0.15270961399306204
ZTF22aaipocw,1,-1597.900561284811,0.8200812249370741,0.13974443542794984
ZTF22aaipocw,2,-570.49664976973,0.9875756010811294,0.1658814708301285
ZTF22aaipocw,3,305.41859426297617,1.058518663416556,0.15487702281596274
ZTF22aaluvun,1,-1662.828793774127,0.4416016163304448,0.12044257984046024
ZTF22aaluvun,2,-613.2178988324928,0.4833397688344121,0.14018947521895664
ZTF22aaluvun,3,253.5136186772349,0.6378968828357756,0.12829704873684636
ZTF22aaotgrc,1,-1696.211783944586,0.32828422263264656,0.14247840310130988
ZTF22aaotgrc,2,-641.7023686819496,0.08363424421986566,0.1356937742934727
ZTF22aaotgrc,3,258.1985232903004,0.5950296763330698,0.11803503988610471
ZTF22aasdtcq,1,-1088.4493288035956,0.350957823684439,0.14954438063515588
ZTF22aasdtcq,2,-204.238802487806,0.4643627908080816,0.1108348440743808
ZTF22aasdtcq,3,635.9525850720026,0.244018214289099,0.12042021211680776
ZTF22abajudi,1,-1032.3473638344285,0.17824499809648842,0.15587106448068214
ZTF22abajudi,2,-102.79035584604776,0.17229614604730162,0.12826526661919951
ZTF22abajudi,3,827.7349406923206,9.583702310919762,0.1457397304443856
ZTF22abgntys,1,-1252.7475652934424,0.2918357204180211,0.12639428881305678
ZTF22abgntys,2,-346.5364887264525,0.7712102378718555,0.11907333915298271
ZTF22abgntys,3,579.2895462077884,0.4835401196032763,0.13586089325145997
ZTF22abilaka,1,-1140.865875912378,0.6051573436707259,0.1393917664849854
ZTF22abilaka,2,-289.58850364960443,0.05871591929462739,0.1176231754883848
ZTF22abilaka,3,596.3604014598845,0.1255879906238988,0.13023693464535196
ZTF22abiwpck,1,-1726.7115547025894,1.5656630275771024,0.14356545206568866
ZTF22abiwpck,2,-729.590633397407,1.6682712594047189,0.17356436256304783
ZTF22abiwpck,3,136.0523608444355,1.5557038132101297,0.14351939291910715
ZTF22abjrrea,1,-1166.18624271834,0.7844872307032346,0.1658758227949297
ZTF22abjrrea,2,-356.4775048542623,0.7561194943264126,0.13763537252290167
ZTF22abjrrea,3,638.6681262136989,0.7784582558088005,0.15129646514384051
ZTF22abtcsar,1,-1250.285536626829,0.5095447413623333,0.14228069628153697
ZTF22abtcsar,2,-396.77535336740135,0.5297991447150707,0.14593785768748138
ZTF22abtcsar,3,565.6309567216776,0.7062495569698513,0.1754391193084896
ZTF22abtprtn,1,-1664.5826923078855,1.2980829924345014,0.12952177502531212
ZTF22abtprtn,2,-722.2750000001934,1.4026266289874911,0.15652168420985263
ZTF22abtprtn,3,197.91730769211424,1.357639441266656,0.14258364539210935
ZTF22abxacvm,1,-2289.415177951375,1.413986668922007,0.13970219896597305
ZTF22abxacvm,2,-1251.2472390200771,1.5956754796206953,0.1586496417851678
ZTF22abxacvm,3,-402.0105977987032,1.491815084591508,0.15117866878512592
ZTF22abxomzd,1,-1791.9069813080184,0.546553812455386,0.17467849394782836
ZTF22abxomzd,2,-780.2796448021068,0.7636288646608591,0.18031620540427182
ZTF22abxomzd,3,94.95952509437564,0.4338956205174327,0.15066407734055148
ZTF22abzwebp,1,-1250.274769230656,0.8444169517596177,0.18133086450230246
ZTF22abzwebp,2,-362.77476923065615,0.7263157487550386,0.1574718884357661
ZTF22abzwebp,3,508.3790769231899,0.7229595212265848,0.14902744078407934
ZTF22acaczle,1,-1199.7316195857543,1.2644095113500953,0.1720057236225137
ZTF22acaczle,2,-292.0103389831179,1.4201276935636995,0.15177497775549603
ZTF22acaczle,3,604.41150659127,1.6728030750527976,0.13386538704807688
ZTF23aaabewy,1,-1260.9406825618285,0.34184561809524894,0.12715054918057786
ZTF23aaabewy,2,-424.1010378680464,0.39502701838500803,0.11680052132867154
ZTF23aaabewy,3,479.1247685835664,0.6829811027273536,0.12229704846424014
ZTF23aabngtm,1,-1723.203865,0.14490704052150252,0.13785119313069114
ZTF23aabngtm,2,-769.580676,0.22006689687259492,0.15217232537265848
ZTF23aabngtm,3,148.29372,0.6855399697087706,0.15183900681599088
ZTF23aabzrgo,1,-1662.0399506549102,1.213960931636393,0.12642286293117722
ZTF23aabzrgo,2,-735.8680015184518,1.3080494245514274,0.12628670346742293
ZTF23aabzrgo,3,135.2650408045696,0.9581794729456306,0.13439800703681593
ZTF23aacrmex,1,-1342.118024809165,0.37034510751254857,0.16668731045069674
ZTF23aacrmex,2,-420.36229961832544,0.6308127194643022,0.16132259832582702
ZTF23aacrmex,3,414.561364503812,0.647262844722718,0.1592987395076504
ZTF23aadtvmb,1,-1704.1533101043417,0.5249326932244003,0.12833444059728435
ZTF23aadtvmb,2,-806.9407665503345,0.6356458179652691,0.14579120613368185
ZTF23aadtvmb,3,-36.03484320538671,0.6218085763975979,0.1305960589284198
ZTF23aaemgsd,1,-1850.6557771258736,1.4861075906082988,0.14230963094388005
ZTF23aaemgsd,2,-890.7339784943974,1.847798004746437,0.13199002977362637
ZTF23aaemgsd,3,-11.946099706518511,1.5105397906154392,0.1401301013988553
ZTF23aafwykt,1,-1403.7287830475584,0.9364702855236829,0.21130222209295027
ZTF23aafwykt,2,-504.1945958860993,0.6057557184249163,0.19856623045470662
ZTF23aafwykt,3,410.89910153977416,0.6727869040332736,0.2010576242776477
ZTF23aalfofn,1,-1783.3852965172166,1.7498574452474716,0.1442822498112461
ZTF23aalfofn,2,-863.2617093911985,1.6606246354058385,0.12672429685617473
ZTF23aalfofn,3,45.2392640027016,1.8583224155008793,0.1391351719736243
ZTF23aapwwak,1,-1459.5818077116576,0.06296990613918751,0.15524581403269358
ZTF23aapwwak,2,-527.5760751738856,0.7630814798176287,0.17821170265621966
ZTF23aapwwak,3,333.2412798032123,0.0735013309167698,0.1366861885211968
ZTF23aaqdjhi,1,-1479.9656885127172,0.1391598634654656,0.13648273488055776
ZTF23aaqdjhi,2,-599.4085429298132,0.0032008272228267742,0.11921573562489232
ZTF23aaqdjhi,3,352.6998333342585,2.3872291203588247,0.13987439922136063
ZTF23aaqusyq,1,-1912.0141257644568,0.7600649259984494,0.14647259734789858
ZTF23aaqusyq,2,-957.595521113294,0.38720486918464303,0.15624139941403362
ZTF23aaqusyq,3,-54.33970715980544,0.33469819537148726,0.13780760062969977
ZTF23aaqxlpn,1,-1399.7508438618272,0.16929200501181188,0.16253296573790338
ZTF23aaqxlpn,2,-495.4036813941423,0.6105611100792885,0.14872443713788713
ZTF23aaqxlpn,3,420.39091350984233,0.11473538324935363,0.13918066381399144
ZTF23aaszwst,1,-2052.320776602467,0.8758423500694335,0.11194996430089052
ZTF23aaszwst,2,-1021.3318567707436,1.2510877568274736,0.14856602646356026
ZTF23aaszwst,3,-142.42367798699465,1.0316855041310191,0.13636760212065582
ZTF23aavmthe,1,-1390.4744323425737,0.9528645314276217,0.17643275014305188
ZTF23aavmthe,2,-486.8377330625292,0.5463779671117663,0.1760997674665611
ZTF23aavmthe,3,301.4214509876832,0.7333075045607984,0.160843100955606
ZTF23aazpupj,1,-2056.3404528477804,4.345746245235205,0.24724537594419613
ZTF23aazpupj,2,-1010.7833411141982,4.061341751366854,0.206261482874107
ZTF23aazpupj,3,-150.02237005910942,4.0056961588561535,0.26980981628894274
ZTF23abbccir,1,-1561.6150671304156,0.16666178999003023,0.14395014500114706
ZTF23abbccir,2,-658.3358780131075,0.24759015650488442,0.12408308497627793
ZTF23abbccir,3,291.2400634362763,0.6667848210781813,0.1311901941593188
ZTF23abhublj,1,-1561.572709914046,0.8634277037344872,0.15518418977445309
ZTF23abhublj,2,-645.7635424678346,0.3043911900169108,0.12003103545638814
ZTF23abhublj,3,248.53018999240868,0.8180037839338185,0.13143903132534807
ZTF23abhvuft,1,-2161.977849816206,0.9873217204585671,0.1535437485142802
ZTF23abhvuft,2,-1113.588369182837,1.3328151544556022,0.17141468042668725
ZTF23abhvuft,3,-230.7340697021051,1.2638422194868326,0.1385225645744052
ZTF23abhzxwm,1,-2171.149970448948,0.6353484706785663,0.16713063241305695
ZTF23abhzxwm,2,-1108.3052107956776,0.2295660845997465,0.22608926882390695
ZTF23abhzxwm,3,-230.64563632759257,1.38121098279953,0.2124820729643582
ZTF23abjexnw,1,-1523.612026886498,0.33025635639205575,0.15487031242508206
ZTF23abjexnw,2,-693.297441567146,0.2728399122133851,0.13709381354815603
ZTF23abjexnw,3,232.3460284042553,0.6536947912536563,0.15687157138541036
ZTF23abkaijq,1,-2121.796405791938,0.2831770116459635,0.13932349344513864
ZTF23abkaijq,2,-1121.7964057919378,0.5355030418695222,0.18018477374881697
ZTF23abkaijq,3,-248.2442822398143,0.6188877741806209,0.12930755677285577
ZTF23ablnqxh,1,-1494.5668848775713,0.8658248116262257,0.15646232392716425
ZTF23ablnqxh,2,-693.0826548219128,0.26480282635133456,0.1219514295408131
ZTF23abnqbkx,1,-1547.0964419476736,0.679486955050379,0.17051016671255415
ZTF23abnqbkx,2,-688.4822097379358,0.4448332183528691,0.14602843894993653
ZTF23abnqbkx,3,244.1020599249855,0.6291126483120023,0.15376009579745464
ZTF23abnxcty,1,-1514.912227269116,0.338236044626683,0.15117420145377372
ZTF23abnxcty,2,-704.4547109292467,0.5062468117102981,0.11834803411726634
ZTF23abnxcty,3,210.5779688093154,0.5033297929912807,0.11798704915763455
ZTF23abomeiu,1,-1537.14416896226,1.4206748491095984,0.1986300694685521
ZTF23abomeiu,2,-670.4062892373673,1.1706400775439283,0.21590010527132797
ZTF23abomeiu,3,171.0322145387988,1.0458729808688783,0.19515692562007989
ZTF23abooocr,1,-1605.0564926108484,0.5498141399584711,0.16758846025591306
ZTF23abooocr,2,-753.8249655172523,0.6425577448680997,0.15839730770144103
ZTF23abooocr,3,252.08636453200887,0.253497069934383,0.14744636601233635
ZTF24aadfmaf,1,-1621.835051546521,0.6000938592478633,0.14590866548975945
ZTF24aadfmaf,2,-784.9090909092201,0.06433792441384867,0.16561947819532494
ZTF24aadfmaf,3,139.17713214607514,0.09438244160264729,0.160385783129993
ZTF24aadkwni,1,-2164.879296525193,0.5473758210428059,0.15166016072169272
ZTF24aadkwni,2,-1205.5058261385068,0.19498204346746206,0.1655709668287672
ZTF24aadkwni,3,-345.9855128737003,0.5896863876841962,0.13972844106654572
ZTF24aadplte,1,-1647.927258979258,0.9581004269421101,0.1461559773753021
ZTF24aadplte,2,-744.3355765595983,0.5085512163111198,0.11203499403127998
ZTF24aadplte,3,152.63984877121456,0.3263945416949216,0.14552377721394813
ZTF24aahgqwk,1,-1784.7415443775878,0.25390082737430936,0.13843280089613255
ZTF24aahgqwk,2,-846.2795461110528,0.15643586812075227,0.11499359563154526
ZTF24aahgqwk,3,46.35522081762603,0.9970043320208788,0.14027787977567235
ZTF24aakbqjh,1,-1681.987332197231,0.09613471775082871,0.1308853872545179
ZTF24aakbqjh,2,-797.5836624724602,0.5398733774200082,0.12578202174437675
ZTF24aakbqjh,3,56.54477789451222,-0.02667289663804695,0.14092200633518767
ZTF24aaoumhw,1,-2225.9522348485366,0.5418647779151797,0.17298010797316954
ZTF24aaoumhw,2,-1313.0734469697486,0.3096094587817788,0.20208808716250762
ZTF24aaoumhw,3,-461.74768939399104,0.5854111514054239,0.14334803037219018
ZTF24aatdjua,1,-2269.638118785936,2.758546266704798,0.1513272459911789
ZTF24aatdjua,2,-1304.1539385366546,3.135134233161807,0.18108108075860796
ZTF24aatdjua,3,-447.9698541646508,1.6883743228390815,0.171703573364812
ZTF24aawakwl,1,-2410.2741951218286,0.6701579550281167,0.15143837922807113
ZTF24aawakwl,2,-1399.5424878047554,0.5518444813787937,0.19371751944402005
ZTF24aawakwl,3,-516.6156585364625,0.571337528526783,0.1488903378911496
ZTF24abccoav,1,-2393.0426308287897,0.3081213712791496,0.12070182655726336
ZTF24abccoav,2,-1369.323465743401,0.961726880632341,0.12763332438112415
ZTF24abccoav,3,-523.972422100137,0.19671787325262427,0.12544694946560644
ZTF24abgvscf,1,-2501.083262998899,2.3439761716872454,0.16005123478595093
ZTF24abgvscf,2,,2.6748429518193007,0.18191223472560716
ZTF24abgvscf,3,-570.6457495044832,2.441214863210916,0.16174429900827134
